name,price,url
Диван Льери Мини Velvet Light,64990.0,/product/divan-leri-mini-velvet-light
Диван Нумо Velvet Yellow,36990.0,/product/divan-numo-velvet-yellow
Диван Тут Рядом Дом Серо-графитовый,72990.0,/product/divan-tut-ryadom-dom-sero-grafitovyj
Диван угловой Ройн Мини Velvet Olive,39990.0,/product/divan-uglovoj-rojn-mini-velvet-olive
Диван угловой Эби-1 Velvet Coral,72990.0,/product/divan-uglovoj-ebi-1-velvet-coral
Диван Бруквиль Velvet Blue,49990.0,/product/divan-brukvil-velvet-blue
Диван Тут Рядом Космос Светло-Бежевый,109990.0,/product/divan-tut-ryadom-kosmos-svetlo-bejevyj
Диван Линс Velvet Navy Blue,32990.0,/product/divan-lins-velvet-navy-blue
Диван Нумо Мини Textile Yellow,24990.0,/product/divan-numo-mini-textile-yellow
Диван Байма Velvet Grey,69990.0,/product/divan-bajma-velvet-grey
Кресло Тут Рядом Дом Сине-бежевый,50990.0,/product/kreslo-tut-ryadom-dom-sine-bejevyj
Диван угловой Беллер Textile Yellow,40990.0,/product/divan-uglovoj-beller-textile-yellow
Кресло Бенел Cozy Ivory,33990.0,/product/kreslo-benel-cozy-ivory
Диван Нумо Velvet Grafit,36990.0,/product/divan-numo-velvet-grafit
Пуф Тут Рядом Дом Серо-графитовый,15990.0,/product/puf-tut-ryadom-dom-sero-grafitovyj
Диван Сваут Velvet Grey,64990.0,/product/divan-svaut-velvet-grey
Пуф Дадли Velvet Ocean,3490.0,/product/puf-dadli-velvet-ocean
Диван Линс Velvet Grafit,32990.0,/product/divan-lins-velvet-grafit
Диван Рейли Velvet Coral,30990.0,/product/divan-rejli-velvet-coral
Пуф Тут Рядом Красавчик Светло-бежевый,34990.0,/product/puf-tut-ryadom-krasavchik-svetlo-bejevyj
Диван Коренс Happy Grey,29990.0,/product/divan-korens-happy-grey
Диван угловой Шера Velvet Light,99990.0,/product/divan-uglovoj-shera-velve-light
Диван Види Textile Ocean,23990.0,/product/divan-vidi-textile-ocean
Пуф Тут Рядом Дом Зеленый,15990.0,/product/puf-tut-ryadom-dom-zelenyj
Кресло Гета Soft Silver,30990.0,/product/kreslo-geta-soft-silver
Диван угловой Нумо Velvet Yellow,46990.0,/product/divan-uglovoj-numo-velvet-yellow
Диван Тут Рядом Дом Сине-бежевый,72990.0,/product/divan-tut-ryadom-dom-sine-bejevyj
Диван Сваут Velvet Mustard,64990.0,/product/divan-svaut-velvet-mustard
Кресло Элвит Cozy Ivory,26990.0,/product/kreslo-elvit-cozy-ivory
Модульный диван Сэндж 2 Textile Yellow,58970.0,/product/modulnyj-divan-sendj-2-textile-yellow
Пуф Лонди Cozy Beige,11990.0,/product/puf-londi-cozy-beige
Кресло Тут Рядом Дом Розовый,50990.0,/product/kreslo-tut-ryadom-dom-rozovyj
Диван Нумо Мини Textile Light,24990.0,/product/divan-numo-mini-textile-light
Диван Рейли Velvet Mint,30990.0,/product/divan-rejli-velvet-mint
Диван Риббл-2 Bucle Lilac,68990.0,/product/divan-ribbl-2-bucle-lilac
Диван угловой Маркфул Velvet Ocean,79990.0,/product/divan-uglovoj-markful-velvet-ocean
Кушетка Роби Textile Coral,18990.0,/product/kushetka-robi-textile-coral
Диван угловой Нумо Velvet Grey,46990.0,/product/divan-uglovoj-numo-velvet-grey
Кушетка Оренте Soft Sky,40990.0,/product/kushetka-orente-soft-sky
Пуф Бане Cozy Ginger,8990.0,/product/puf-bane-cozy-ginger
Банкетка Аймо Textile Light,8990.0,/product/banketka-ajmo-textile-light
Диван Лонди Mima Pink,89990.0,/product/divan-londi-mima-pink
Кресло Элвит Cozy Emerald,26990.0,/product/kreslo-elvit-cozy-emerald
Кресло Тут Рядом Космос-2 Графитовый,79990.0,/product/kreslo-tut-ryadom-kosmos-2-grafitovyj
Пуф Динс Velvet Yellow,7990.0,/product/puf-dins-velvet-yellow
Кресло Тут Рядом Космос-2 Светло-Бежевый,79990.0,/product/kreslo-tut-ryadom-kosmos-2-svetlo-bejevyj
Пуф Тут Рядом Дом Синий,15990.0,/product/puf-tut-ryadom-dom-sinij
Диван Байма Velvet Beige,69990.0,/product/divan-bajma-velvet-beige
